{
  "Ridge": {
    "RMSE": [
      0.743714498425918,
      0.7168127156931754,
      0.7286782581748735
    ],
    "MAE": [
      0.5335944294929504,
      0.5310689806938171,
      0.5361173748970032
    ],
    "R2": [
      0.5966006517410278,
      0.6148043870925903,
      0.617477536201477
    ],
    "train_s": [
      0.11494231224060059,
      0.1430647373199463,
      0.10685420036315918
    ],
    "inf_ms": [
      1.369982726814211e-05,
      1.2486942054689393e-05,
      1.2290570162987525e-05
    ]
  },
  "RandomForest": {
    "RMSE": [
      0.5106986023100643,
      0.47416518985559614,
      0.5012645284937417
    ],
    "MAE": [
      0.3356575977468773,
      0.31883540705425495,
      0.33759500951666427
    ],
    "R2": [
      0.8097818071013222,
      0.8314497930248477,
      0.818983033370987
    ],
    "train_s": [
      25.816240549087524,
      26.527557611465454,
      31.644081830978394
    ],
    "inf_ms": [
      0.026008544504180435,
      0.016182464684626852,
      0.023036351961682935
    ]
  },
  "XGBoost": {
    "RMSE": [
      0.4492238251772582,
      0.4256130726301188,
      0.45125012730625713
    ],
    "MAE": [
      0.2926649749279022,
      0.28284212946891785,
      0.30012980103492737
    ],
    "R2": [
      0.8528201580047607,
      0.8641999959945679,
      0.8533034324645996
    ],
    "train_s": [
      47.65005660057068,
      56.551382303237915,
      34.42195129394531
    ],
    "inf_ms": [
      0.0005842063778130583,
      0.0007069850152777147,
      0.00046444262645041294
    ]
  },
  "LightGBM": {
    "RMSE": [
      0.44047631008039656,
      0.4232153808001678,
      0.44804087980127805
    ],
    "MAE": [
      0.2875792270481374,
      0.28217625842713473,
      0.3004754633741756
    ],
    "R2": [
      0.8584962905537056,
      0.8657257175440145,
      0.8553825767336644
    ],
    "train_s": [
      51.96774172782898,
      31.837637424468994,
      19.53685426712036
    ],
    "inf_ms": [
      0.010620392570199892,
      0.006773201532142107,
      0.0027407855950584707
    ]
  },
  "CatBoost": {
    "RMSE": [
      0.4513421751012189,
      0.433161889179381,
      0.45107871955981105
    ],
    "MAE": [
      0.2939845864569823,
      0.28953486077128,
      0.3000828665478832
    ],
    "R2": [
      0.8514288284459651,
      0.8593400583064872,
      0.8534148369652439
    ],
    "train_s": [
      134.90881371498108,
      151.45766139030457,
      310.7226483821869
    ],
    "inf_ms": [
      0.0007370299147081005,
      0.0007710715596990068,
      0.0006592666455941606
    ]
  },
  "TabNet": {
    "RMSE": [
      0.6436202112858016,
      0.6091403754031864,
      0.6349121394161437
    ],
    "MAE": [
      0.441195547580719,
      0.4215598702430725,
      0.43842482566833496
    ],
    "R2": [
      0.6978782415390015,
      0.7218335866928101,
      0.7095893025398254
    ],
    "train_s": [
      2620.1158714294434,
      1880.1550495624542,
      1897.144139289856
    ],
    "inf_ms": [
      0.012728641199511151,
      0.014052118441855261,
      0.015233168306276782
    ]
  },
  "FT-Transformer": {
    "RMSE": [
      0.49140994399582083,
      0.46170749037385983,
      0.4908711526621359
    ],
    "MAE": [
      0.3153398334980011,
      0.29638445377349854,
      0.313805490732193
    ],
    "R2": [
      0.8238792419433594,
      0.840190052986145,
      0.8264117240905762
    ],
    "train_s": [
      3056.0662894248962,
      2160.472464323044,
      3255.35857796669
    ],
    "inf_ms": [
      0.0011954312176667443,
      0.0019894436348316283,
      0.0014605448227520137
    ]
  },
  "ResNet": {
    "RMSE": [
      0.4892273548871705,
      0.4835603847302088,
      0.5082768004932423
    ],
    "MAE": [
      0.3141636848449707,
      0.32693204283714294,
      0.3281857967376709
    ],
    "R2": [
      0.8254402279853821,
      0.8247042298316956,
      0.8138830661773682
    ],
    "train_s": [
      767.0849506855011,
      626.7872972488403,
      612.3371181488037
    ],
    "inf_ms": [
      0.00021927809530450392,
      8.832114611485208e-05,
      0.0001677246980888899
    ]
  }
}